"";"title";"date";"rate";"average_rate"
"1";"Jak poradziæ sobie z rozstaniem";"dzisiaj";"6";6
"2";"Klub singielek";"dzisiaj";"6";5,4
"3";"Smêtarz dla zwierzaków";"wczoraj";"6";5,6
"4";"Anio³ œmierci";"30 grudnia 2019";"6";5,2
"5";"Dusza towarzystwa";"30 grudnia 2019";"6";5,6
"6";"American Woman";"30 grudnia 2019";"6";6,4
"7";"Don't Let Go";"30 grudnia 2019";"6";6,3
"8";"Na no¿e";"30 grudnia 2019";"7";8
"9";"Instynkt matki";"10 grudnia 2019";"7";6,1
"10";"Underdog";"10 grudnia 2019";"6";6,6
"11";"Naznaczony: Ostatni klucz";"10 grudnia 2019";"6";6
"12";"Naznaczony: rozdzia³ 3";"10 grudnia 2019";"6";6,2
"13";"Bloodline";"23 listopada 2019";"5";5,4
"14";"I ¿e ci nie odpuszczê";"23 listopada 2019";"7";6,6
"15";"Doktor Sen";"17 listopada 2019";"8";7,2
"16";"Lœnienie";"17 listopada 2019";"6";7,8
"17";"Avengers: Koniec gry";"14 listopada 2019";"8";8,1
"18";"Naznaczony: rozdzia³ 2";"14 listopada 2019";"7";6,7
"19";"Oldboy. Zemsta jest cierpliwa";"11 listopada 2019";"7";6,2
"20";"To: Rozdzia³ 2";"11 listopada 2019";"7";6,3
"21";"Goœæ";"10 listopada 2019";"7";6,3
"22";"By³ sobie pies 2";"10 listopada 2019";"7";7,7
"23";"Laleczka";"10 listopada 2019";"4";5,7
"24";"Dom strachów";"10 listopada 2019";"5";5,5
"25";"W wysokiej trawie";"28 paŸdziernika 2019";"5";4,9
"26";"Ma";"28 paŸdziernika 2019";"5";5,3
"27";"Eli";"28 paŸdziernika 2019";"5";5,3
"28";"Trauma";"14 paŸdziernika 2019";"7";6,5
"29";"Weekend w Scarborough";"10 wrzeœnia 2019";"5";5,9
"30";"Weselny tydzieñ";"28 sierpnia 2019";"4";5,2
"31";"Dunkierka";"28 sierpnia 2019";"7";7,3
"32";"Pod³y, okrutny, z³y";"13 sierpnia 2019";"7";6,7
"33";"Impostor";"13 sierpnia 2019";"4";5
"34";"Trzy kroki od siebie";"8 sierpnia 2019";"7";7,6
"35";"After";"6 sierpnia 2019";"5";5,4
"36";"Freak Show";"2 sierpnia 2019";"6";6,5
"37";"Annabelle wraca do domu";"31 lipca 2019";"6";5,5
"38";"Topielisko. Kl¹twa La Llorony";"31 lipca 2019";"6";5,3
"39";"To my";"23 lipca 2019";"7";6,3
"40";"Król Lew";"23 lipca 2019";"8";7,5
"41";"Sekretna obsesja";"18 lipca 2019";"4";4,7
"42";"Ostatnie wakacje";"16 lipca 2019";"3";5,3
"43";"Glass";"12 lipca 2019";"6";6,1
"44";"Dom, który zbudowa³ Jack";"11 lipca 2019";"6";6,5
"45";"Polaroid";"9 lipca 2019";"6";5
"46";"Chyba na pewno ty";"7 lipca 2019";"3";5,8
"47";"Ride";"3 lipca 2019";"3";5,1
"48";"Ucieczka z domu ob³¹kanych";"2 lipca 2019";"6";6,2
"49";"Zabójczy rejs";"15 czerwca 2019";"6";5,7
"50";"Lato 84";"15 czerwca 2019";"7";6,7
"51";"Mi³oœæ i inne komplikacje";"31 maja 2019";"7";6,8
"52";"Wynajmij sobie ch³opaka";"9 maja 2019";"6";5,5
"53";"Cisza";"19 kwietnia 2019";"4";4,7
"54";"O psie, który wróci³ do domu";"7 kwietnia 2019";"6";6,8
"55";"Uprowadzona 3";"2 kwietnia 2019";"6";6,5
"56";"Uprowadzona";"2 kwietnia 2019";"7";7,7
"57";"Fatamorgana";"1 kwietnia 2019";"8";7,1
"58";"Ostra noc";"1 kwietnia 2019";"6";5,3
"59";"Umys³ w ogniu";"1 kwietnia 2019";"7";7
"60";"Bezpieczna przystañ";"24 marca 2019";"7";7,2
"61";"Oskar¿ona";"24 marca 2019";"6";5,6
"62";"Teoria wszystkiego";"20 marca 2019";"7";7,6
"63";"Chodzenie, jazda, rodeo";"17 marca 2019";"7";6,5
"64";"Saga ""Zmierzch"": Zaæmienie";"14 marca 2019";"5";5,7
"65";"Tajemnica Brokeback Mountain";"14 marca 2019";"7";7,3
"66";"Z³odziej to¿samoœci";"9 marca 2019";"6";5,9
"67";"Intruz";"9 marca 2019";"6";6,6
"68";"Syn zemsty";"6 marca 2019";"7";5,8
"69";"Jak romantycznie!";"5 marca 2019";"6";5,5
"70";"Carrie Pilby";"24 lutego 2019";"6";6,4
"71";"Przygoda na Antarktydzie";"24 lutego 2019";"8";7,4
"72";"Diabe³: Inkarnacja";"24 lutego 2019";"4";4,8
"73";"Nowoœæ";"24 lutego 2019";"6";6,4
"74";"Narodziny gwiazdy";"23 lutego 2019";"7";7,5
"75";"Wci¹¿ ciê widzê";"17 lutego 2019";"6";6
"76";"9. ¿ycie Louisa Draxa";"17 lutego 2019";"6";6,3
"77";"Gra Geralda";"17 lutego 2019";"5";6
"78";"S³odki wybór";"17 lutego 2019";"5";5,7
"79";"Inkarnacja";"11 lutego 2019";"7";6,5
"80";"Dziewczyna w sieci paj¹ka";"10 lutego 2019";"6";5,9
"81";"Opowieœæ";"3 lutego 2019";"7";6,9
"82";"Sztanga i cash";"3 lutego 2019";"6";6,3
"83";"Gêsia skórka";"3 lutego 2019";"5";5,8
"84";"Testament Nobla";"2 lutego 2019";"6";6
"85";"W ukryciu";"2 lutego 2019";"6";5,4
"86";"Czekaj¹c na sobotê";"31 stycznia 2019";"5";6,3
"87";"Searching";"28 stycznia 2019";"7";6,9
"88";"Niania i wielkie bum";"27 stycznia 2019";"6";6,4
"89";"Jaki jesteœ";"26 stycznia 2019";"6";6,5
"90";"To przychodzi po zmroku";"26 stycznia 2019";"5";5,4
"91";"Wychodne mamusiek";"25 stycznia 2019";"6";5,4
"92";"Uwi¹zani";"24 stycznia 2019";"7";6,6
"93";"Œniadanie do ³ó¿ka";"24 stycznia 2019";"5";5,4
"94";"Porzucona";"21 stycznia 2019";"6";5,9
"95";"Kluseczka";"21 stycznia 2019";"3";5,5
"96";"Szybko i wœciekle";"20 stycznia 2019";"7";7,3
"97";"Szybcy i wœciekli: Tokio Drift";"20 stycznia 2019";"6";7,1
"98";"Za szybcy, za wœciekli";"20 stycznia 2019";"6";7,3
"99";"Szybcy i wœciekli";"20 stycznia 2019";"7";7,5
"100";"Uciszyæ z³o";"20 stycznia 2019";"4";4,4
"101";"Kto tam?";"20 stycznia 2019";"6";4,5
"102";"Pierwsza mi³oœæ";"17 stycznia 2019";"5";4,7
"103";"Wieczór gier";"15 stycznia 2019";"7";6,5
"104";"Prawnik z Lincolna";"14 stycznia 2019";"7";7,5
"105";"Zauroczenie";"13 stycznia 2019";"6";5,7
"106";"Grzech mojej córki";"12 stycznia 2019";"5";4,9
"107";"Ko³ysz siê, dziecino";"10 stycznia 2019";"6";5,7
"108";"Nic w zamian";"10 stycznia 2019";"6";6,3
"109";"Medium";"8 stycznia 2019";"6";6,4
"110";"Znikniêcie Sidneya Halla";"7 stycznia 2019";"7";7
"111";"Gdy anio³y œpi¹";"6 stycznia 2019";"5";5
"112";"Aposto³";"6 stycznia 2019";"5";5,5
"113";"Drugie oblicze";"6 stycznia 2019";"7";7,1
"114";"Z³odziej to¿samoœci. Historia prawdziwa";"2 stycznia 2019";"7";6,3
"115";"Mroczne umys³y";"2 stycznia 2019";"7";6,3
"116";"Dark Web: Usuñ znajomego";"31 grudnia 2018";"5";5,8
"117";"Kochajmy siê od œwiêta";"30 grudnia 2018";"6";6,2
"118";"Czarne lustro: Bandersnatch";"28 grudnia 2018";"8";7
"119";"Halloween";"25 grudnia 2018";"3";5,8
"120";"Dziedzictwo. Hereditary";"25 grudnia 2018";"6";6,3
"121";"Pi³a 3D";"25 grudnia 2018";"6";5,8
"122";"Ocean's 8";"24 grudnia 2018";"6";6,4
"123";"Nie otwieraj oczu";"22 grudnia 2018";"6";6,4
"124";"Stra¿nicy cnoty";"20 grudnia 2018";"6";6
"125";"Nie ma drugiej takiej";"20 grudnia 2018";"7";6,8
"126";"Trup";"18 grudnia 2018";"8";7,4
"127";"Oblicze mroku";"17 grudnia 2018";"6";5,6
"128";"Ant-Man i Osa";"16 grudnia 2018";"6";6,9
"129";"Odwa¿na";"13 grudnia 2018";"7";7
"130";"Ponad wszystko";"11 grudnia 2018";"7";6,6
"131";"Minuta ciszy";"10 grudnia 2018";"6";6,5
"132";"Niemi³oœæ";"9 grudnia 2018";"6";7,5
"133";"Widzê, widzê";"9 grudnia 2018";"7";6,2
"134";"Mroczna wie¿a";"9 grudnia 2018";"5";5,5
"135";"mother!";"9 grudnia 2018";"5";6,2
"136";"The Clovehitch Killer";"6 grudnia 2018";"5";6,2
"137";"Nic do ukrycia";"3 grudnia 2018";"6";6,3
"138";"Joy";"30 listopada 2018";"6";6,4
"139";"Winni";"26 listopada 2018";"6";7
"140";"Cam";"26 listopada 2018";"5";5,1
"141";"Fantastyczne zwierzêta: Zbrodnie Grindelwalda";"17 listopada 2018";"8";6,7
"142";"Zakonnica";"12 listopada 2018";"4";5,2
"143";"Pierwsza noc oczyszczenia";"12 listopada 2018";"6";5,3
"144";"Niewidzialny stra¿nik";"12 listopada 2018";"7";6,5
"145";"Muza";"12 listopada 2018";"5";5,9
"146";"Notatnik œmierci";"12 listopada 2018";"5";4,4
"147";"Legion samobójców";"17 paŸdziernika 2018";"4";6,2
"148";"Odkrycie";"4 paŸdziernika 2018";"6";6,1
"149";"Skradziona córka";"3 paŸdziernika 2018";"6";5,9
"150";"Delirium";"3 paŸdziernika 2018";"6";5,8
"151";"Pi¿ama party";"29 wrzeœnia 2018";"5";6
"152";"Life";"26 wrzeœnia 2018";"6";6,3
"153";"Avengers: Wojna bez granic";"24 wrzeœnia 2018";"8";8,2
"154";"Dziewczyna we mgle";"24 wrzeœnia 2018";"7";7,1
"155";"Bardzo grzeczne dziewczyny";"13 wrzeœnia 2018";"6";6,2
"156";"Nie jestem ³atwy";"10 wrzeœnia 2018";"5";5,9
"157";"Ouija: Narodziny z³a";"10 wrzeœnia 2018";"5";5,5
"158";"Sierra Burgess jest przegrywem";"10 wrzeœnia 2018";"6";5,7
"159";"Koszmar córki";"8 wrzeœnia 2018";"6";5,5
"160";"Zaginiona";"30 sierpnia 2018";"6";5,8
"161";"Szkolna edukacja";"27 sierpnia 2018";"7";5,4
"162";"Obietnica";"27 sierpnia 2018";"6";5,6
"163";"Z³y Samarytanin";"23 sierpnia 2018";"6";6,5
"164";"Porwana pamiêæ";"23 sierpnia 2018";"7";7,1
"165";"Do wszystkich ch³opców, których kocha³am";"20 sierpnia 2018";"7";7
"166";"Stoker";"9 sierpnia 2018";"6";6,8
"167";"Ca³kiem zabawna historia";"9 sierpnia 2018";"6";7,1
"168";"Wild Child. Zbuntowana ksiê¿niczka";"9 sierpnia 2018";"5";6,5
"169";"Z³e mamuœki 2: Jak przetrwaæ œwiêta";"9 sierpnia 2018";"6";6,1
"170";"Jaki ojciec, taka córka";"9 sierpnia 2018";"6";5,7
"171";"Naomi and Ely's No Kiss List";"9 sierpnia 2018";"6";5,9
"172";"Deadpool 2";"7 sierpnia 2018";"8";7,6
"173";"Dary Anio³a: Miasto koœci";"7 sierpnia 2018";"5";6,5
"174";"Earl i ja, i umieraj¹ca dziewczyna";"5 sierpnia 2018";"5";7,4
"175";"Winchester. Dom duchów";"19 lipca 2018";"5";5,6
"176";"Niezapomniany";"13 lipca 2018";"5";5,5
"177";"Tau";"12 lipca 2018";"5";5,8
"178";"The Kissing Booth";"8 lipca 2018";"7";6,4
"179";"Swatamy swoich szefów";"4 lipca 2018";"6";6,2
"180";"Alex Strangelove";"4 lipca 2018";"6";5,7
"181";"Player One";"3 lipca 2018";"7";7,1
"182";"Freddy kontra Jason";"26 czerwca 2018";"6";5,7
"183";"Pi¹tek 13-go";"26 czerwca 2018";"6";5,6
"184";"Pasa¿er";"25 czerwca 2018";"6";6,3
"185";"Ka¿dego dnia";"24 czerwca 2018";"6";6,5
"186";"Prawda czy wyzwanie";"23 czerwca 2018";"5";5,5
"187";"W blasku nocy";"21 czerwca 2018";"7";7,3
"188";"Porwany";"20 czerwca 2018";"6";5,9
"189";"Ch³ód w lipcu";"20 czerwca 2018";"5";6,4
"190";"F*&% the Prom";"19 czerwca 2018";"5";5,5
"191";"Niepoczytalna";"15 czerwca 2018";"6";6,2
"192";"Piêkna i Bestia";"14 czerwca 2018";"7";7,2
"193";"Deadpool";"14 czerwca 2018";"8";7,6
"194";"Pamiêtam Ciê";"14 czerwca 2018";"5";5,7
"195";"Kawalerskie ¿ycie";"13 czerwca 2018";"6";6,8
"196";"Twój Simon";"8 czerwca 2018";"8";7,2
"197";"Anon";"5 czerwca 2018";"6";5,9
"198";"Last Shift";"3 czerwca 2018";"6";6,1
"199";"6 balonów";"3 czerwca 2018";"4";5,4
"200";"Ciche miejsce";"29 maja 2018";"7";6,7
"201";"Lady Bird";"28 maja 2018";"6";6,7
"202";"Czerwona jaskó³ka";"23 maja 2018";"7";7
"203";"Uprowadzony";"17 maja 2018";"3";4,8
"204";"Interwencja";"14 maja 2018";"5";5,7
"205";"Red Lights";"10 maja 2018";"6";6,5
"206";"D³ugi, wrzeœniowy weekend";"7 maja 2018";"6";7,2
"207";"Straszny film 3";"6 maja 2018";"5";6,2
"208";"Siostrzane wojny";"6 maja 2018";"6";5,8
"209";"Ziomalki";"4 maja 2018";"6";5
"210";"Manchester by the Sea";"18 kwietnia 2018";"6";7,6
"211";"The Circle. Kr¹g";"17 kwietnia 2018";"6";5,4
"212";"Zanim odejdê";"9 kwietnia 2018";"7";7
"213";"Interstellar";"3 kwietnia 2018";"8";7,9
"214";"Secuestro";"2 kwietnia 2018";"7";6,3
"215";"uwantme2killhim?";"2 kwietnia 2018";"7";7,1
"216";"Wish Upon";"2 kwietnia 2018";"5";5,4
"217";"Avengers: Czas Ultrona";"2 kwietnia 2018";"7";7,3
"218";"Tajemnica Marrowbone";"2 kwietnia 2018";"7";7,2
"219";"Everest";"1 kwietnia 2018";"7";7,3
"220";"Red Eye";"1 kwietnia 2018";"6";6,3
"221";"Kopciuszek";"31 marca 2018";"7";7,4
"222";"Kopciuszek";"31 marca 2018";"6";6,7
"223";"Syndrom berliñski";"25 marca 2018";"5";6,1
"224";"Opêtani";"18 marca 2018";"4";5,9
"225";"Kszta³t wody";"17 marca 2018";"5";6,4
"226";"Pokerowa noc";"16 marca 2018";"5";6,4
"227";"Most szpiegów";"13 marca 2018";"6";7,2
"228";"Klucz do wiecznoœci";"11 marca 2018";"7";6,8
"229";"La cara oculta";"5 marca 2018";"7";7,4
"230";"Trzy billboardy za Ebbing, Missouri";"2 marca 2018";"8";8
"231";"Amityville: Przebudzenie";"27 lutego 2018";"5";5,3
"232";"To skomplikowane";"22 lutego 2018";"6";6,9
"233";"Dzieñ dobry, kocham ciê!";"22 lutego 2018";"3";4,9
"234";"Kopciuszek. W rytmie mi³oœci";"22 lutego 2018";"5";6,2
"235";"Disco Polo";"21 lutego 2018";"5";5
"236";"Wind River. Na przeklêtej ziemi";"17 lutego 2018";"7";7,4
"237";"S³aba p³eæ?";"16 lutego 2018";"5";5,4
"238";"Hollarsowie";"14 lutego 2018";"6";6,5
"239";"Bunt wyrzutków";"13 lutego 2018";"5";5,4
"240";"Don't Hang Up";"13 lutego 2018";"7";5,8
"241";"Rytua³";"11 lutego 2018";"5";5,7
"242";"Do utraty si³";"10 lutego 2018";"7";7,7
"243";"Eksperyment";"6 lutego 2018";"8";7
"244";"Cudowny ch³opak";"5 lutego 2018";"8";7,8
"245";"Wiêzieñ labiryntu: Lek na œmieræ";"5 lutego 2018";"8";6,7
"246";"Eden Lake";"20 stycznia 2018";"7";6,6
"247";"Dajê nam rok";"19 stycznia 2018";"6";5,6
"248";"Kod nieœmiertelnoœci";"19 stycznia 2018";"8";7,3
"249";"Pi¹ty wymiar";"17 stycznia 2018";"5";6,4
"250";"Nowe ¿ycie";"17 stycznia 2018";"7";6,7
"251";"Dziewczyny Cheetah";"14 stycznia 2018";"5";5,3
"252";"Wycieczka na studia";"14 stycznia 2018";"6";5,8
"253";"Dr Dolittle 2";"14 stycznia 2018";"6";6
"254";"Dr Dolittle";"14 stycznia 2018";"6";6,1
"255";"Podstêpne druhny";"14 stycznia 2018";"6";5,9
"256";"Pojmani";"14 stycznia 2018";"6";6,1
"257";"Pragnienie zemsty";"12 stycznia 2018";"5";4,7
"258";"Uwiedziony";"8 stycznia 2018";"6";6,5
"259";"Czas na mi³oœæ";"7 stycznia 2018";"7";7,6
"260";"Oddzia³";"7 stycznia 2018";"6";5,5
"261";"Dom";"4 stycznia 2018";"6";6,8
"262";"Oszukaæ przeznaczenie 3";"4 stycznia 2018";"5";6,1
"263";"Teksañska masakra pi³¹ mechaniczn¹: Pocz¹tek";"4 stycznia 2018";"5";6,1
"264";"Paranormal Activity";"4 stycznia 2018";"6";6,2
"265";"Zejœcie";"4 stycznia 2018";"6";6,3
"266";"Blair Witch Project";"4 stycznia 2018";"7";6,4
"267";"[Rec]";"4 stycznia 2018";"6";6,5
"268";"Silent Hill";"4 stycznia 2018";"7";6,7
"269";"#REALITYHIGH";"3 stycznia 2018";"6";5,8
"270";"Z³o we mnie";"2 stycznia 2018";"5";5,6
"271";"Niebo istnieje... naprawdê";"29 grudnia 2017";"7";6,6
"272";"12 mê¿czyzn z kalendarza";"22 grudnia 2017";"5";5,3
"273";"Dla niej wszystko";"19 grudnia 2017";"8";7,4
"274";"Zabicie œwiêtego jelenia";"13 grudnia 2017";"6";6,4
"275";"Leatherface";"27 listopada 2017";"5";4,8
"276";"Bye Bye Man";"26 listopada 2017";"7";5,2
"277";"Piksele";"25 listopada 2017";"4";5,7
"278";"Annabelle: Narodziny z³a";"25 listopada 2017";"7";6,2
"279";"Oczy matki";"25 listopada 2017";"5";5,7
"280";"Listy do M. 2";"25 listopada 2017";"6";6,3
"281";"Listy do M. 3";"25 listopada 2017";"7";6,3
"282";"Agentka";"23 listopada 2017";"7";7
"283";"Zaproszenie";"13 listopada 2017";"6";6
"284";"To";"13 listopada 2017";"6";6,7
"285";"Manipulacja";"10 listopada 2017";"6";5,3
"286";"Œmieræ nadejdzie dziœ";"9 listopada 2017";"3";6,3
"287";"Ofiara";"7 listopada 2017";"6";5,8
"288";"Elle";"6 listopada 2017";"5";6,5
"289";"Pi³a VI";"3 listopada 2017";"6";6,1
"290";"Pi³a";"3 listopada 2017";"6";6,7
"291";"Pi³a: Dziedzictwo";"3 listopada 2017";"7";5,8
"292";"Idealne matki";"31 paŸdziernika 2017";"7";6,3
"293";"Powieœæ Henry'ego";"31 paŸdziernika 2017";"8";7,2
"294";"Sekret w ich oczach";"29 paŸdziernika 2017";"8";6,4
"295";"John Wick";"28 paŸdziernika 2017";"6";6,9
"296";"Ocaleni";"24 paŸdziernika 2017";"5";6,3
"297";"Linia ¿ycia";"7 paŸdziernika 2017";"6";5,7
"298";"Azyl";"22 wrzeœnia 2017";"7";7
"299";"Do szaleñstwa";"12 wrzeœnia 2017";"6";6,6
"300";"Koszmar minionego lata";"4 wrzeœnia 2017";"5";6,1
"301";"Stop Loss";"4 wrzeœnia 2017";"8";7,1
"302";"Miasteczko Halloween";"30 sierpnia 2017";"7";7,7
"303";"Osaczona";"28 sierpnia 2017";"6";5,5
"304";"Seks w wielkim mieœcie 2";"23 sierpnia 2017";"6";5,8
"305";"Shimmer Lake";"20 sierpnia 2017";"7";6
"306";"Uprowadzona 2";"20 sierpnia 2017";"7";6,7
"307";"Contratiempo";"20 sierpnia 2017";"8";8,1
"308";"To¿samoœæ";"8 sierpnia 2017";"7";7,2
"309";"Loo-si-deu deu-lim";"8 sierpnia 2017";"7";6
"310";"Clinical";"7 sierpnia 2017";"8";5,4
"311";"Gracz";"7 sierpnia 2017";"8";6,3
"312";"I Am the Pretty Thing That Lives in the House";"5 sierpnia 2017";"3";3,8
"313";"Po¿egnanie z niewinnoœci¹";"31 lipca 2017";"7";6,3
"314";"Doktor Strange";"31 lipca 2017";"7";7,3
"315";"Oszukaæ przeznaczenie";"31 lipca 2017";"6";6,6
"316";"Jesteœ Bogiem";"31 lipca 2017";"7";6,7
"317";"Znaki";"31 lipca 2017";"5";6,3
"318";"Czytaj i p³acz";"29 lipca 2017";"5";5,5
"319";"Przyjêty";"29 lipca 2017";"6";6,5
"320";"Spider-Man 2";"28 lipca 2017";"6";6,7
"321";"Spider-Man";"28 lipca 2017";"6";6,7
"322";"Skrywana prawda";"27 lipca 2017";"6";5
"323";"W imiê prawdy";"23 lipca 2017";"8";6,3
"324";"Wszystkie psy id¹ do nieba";"23 lipca 2017";"8";7,6
"325";"Och, ¿ycie";"21 lipca 2017";"6";7
"326";"Ring 2";"21 lipca 2017";"6";6,3
"327";"27 sukienek";"21 lipca 2017";"6";6,4
"328";"Wykolejona";"13 lipca 2017";"7";5,6
"329";"Noc w muzeum";"13 lipca 2017";"6";6,4
"330";"Seks dla opornych";"11 lipca 2017";"6";6
"331";"Furia";"10 lipca 2017";"6";6,6
"332";"Wk³ucie";"10 lipca 2017";"7";6,7
"333";"Istnienie";"10 lipca 2017";"6";5,5
"334";"Veronica Mars";"10 lipca 2017";"6";6,4
"335";"Savages: Ponad bezprawiem";"7 lipca 2017";"7";6,5
"336";"Sekrety i grzeszki";"5 lipca 2017";"5";5,8
"337";"Dziewczyñskie porachunki";"5 lipca 2017";"6";6,3
"338";"Cyber-przeœladowca";"5 lipca 2017";"6";6,2
"339";"Schronisko";"3 lipca 2017";"7";5,5
"340";"Królowie lata";"29 czerwca 2017";"7";6,8
"341";"Zesz³ej nocy";"29 czerwca 2017";"6";6,9
"342";"Moonlight";"27 czerwca 2017";"5";6,6
"343";"W Dolinie Elah";"27 czerwca 2017";"7";7,1
"344";"You Get Me";"26 czerwca 2017";"7";5,1
"345";"3096 dni";"25 czerwca 2017";"8";7,1
"346";"Opowieœci z Narnii: Ksi¹¿ê Kaspian";"23 czerwca 2017";"6";6,8
"347";"Opowieœci z Narnii: Lew, czarownica i stara szafa";"23 czerwca 2017";"7";7
"348";"Tata kontra tata";"23 czerwca 2017";"7";6,2
"349";"Sam";"23 czerwca 2017";"7";7,8
"350";"Z³aknieni";"20 czerwca 2017";"5";6,5
"351";"Agencie, podaj ³apê";"19 czerwca 2017";"5";6,4
"352";"Ace Ventura: Zew natury";"19 czerwca 2017";"7";6,5
"353";"Klopsiki i inne zjawiska pogodowe";"19 czerwca 2017";"5";6,4
"354";"Angus, stringi i przytulanki";"19 czerwca 2017";"8";6,3
"355";"Footloose";"17 czerwca 2017";"7";6,6
"356";"Miasta mi³oœci";"17 czerwca 2017";"6";6,7
"357";"Potwór z Cleveland";"17 czerwca 2017";"8";6,7
"358";"Uwiêziona w mroku";"16 czerwca 2017";"7";5,7
"359";"Tajemnica Instytutu Atticus";"16 czerwca 2017";"5";5,8
"360";"Rodzinne rewolucje";"16 czerwca 2017";"7";6,9
"361";"Hobbit: Bitwa Piêciu Armii";"14 czerwca 2017";"7";7,2
"362";"Flirt z czterdziestk¹";"14 czerwca 2017";"7";6,2
"363";"Triumf pamiêci";"14 czerwca 2017";"6";5,7
"364";"Pod ksiê¿ycem Caroliny";"14 czerwca 2017";"6";6,1
"365";"Nora Roberts - Niebo Montany";"14 czerwca 2017";"5";6,2
"366";"Nora Roberts - Angels Fall";"14 czerwca 2017";"6";5,8
"367";"Piêkna i szalona";"14 czerwca 2017";"6";6,8
"368";"Stosunki miêdzymiastowe";"14 czerwca 2017";"6";6,3
"369";"Szko³a stewardes";"14 czerwca 2017";"6";5,5
"370";"I zapad³a ciemnoœæ";"14 czerwca 2017";"6";5,3
"371";"To znowu ty";"14 czerwca 2017";"8";6,3
"372";"Pewnego razu w Rzymie";"14 czerwca 2017";"7";6,2
"373";"Bez mi³oœci ani s³owa";"14 czerwca 2017";"8";7,4
"374";"Romans na dwie noce";"14 czerwca 2017";"6";6,4
"375";"Z³e mamuœki";"14 czerwca 2017";"8";6,6
"376";"Szubienica";"14 czerwca 2017";"7";5
"377";"Rings";"14 czerwca 2017";"4";4,7
"378";"Zanim siê obudzê";"13 czerwca 2017";"6";5,9
"379";"Lekarstwo na ¿ycie";"12 czerwca 2017";"6";6,4
"380";"Sêdzia";"11 czerwca 2017";"9";7,6
"381";"S³aby punkt";"9 czerwca 2017";"7";7,7
"382";"Sausage Party";"9 czerwca 2017";"5";5,6
"383";"Dom na koñcu ulicy";"8 czerwca 2017";"7";6,1
"384";"Przeczucie";"8 czerwca 2017";"8";7,1
"385";"P.S. Kocham ciê";"8 czerwca 2017";"8";7,4
"386";"The Choice";"8 czerwca 2017";"7";7,1
"387";"Piêædziesi¹t twarzy Blacka";"7 czerwca 2017";"3";3,8
"388";"Dziewczyna moich koszmarów";"6 czerwca 2017";"5";6
"389";"Pani Doubtfire";"6 czerwca 2017";"6";6,9
"390";"Uciekaj!";"6 czerwca 2017";"7";7
"391";"The Neighbor";"2 czerwca 2017";"6";5,7
"392";"Nostalgia anio³a";"1 czerwca 2017";"7";7,1
"393";"Listy do Julii";"31 maja 2017";"6";6,8
"394";"Wstrz¹s";"30 maja 2017";"8";7,3
"395";"Nick i Norah";"29 maja 2017";"5";6,2
"396";"Vicky Cristina Barcelona";"28 maja 2017";"5";7
"397";"Iron Man 3";"28 maja 2017";"8";7,4
"398";"Iron Man 2";"28 maja 2017";"7";7,3
"399";"Koszmar siostry";"27 maja 2017";"7";5,8
"400";"7 rzeczy, których nie wiecie o facetach";"25 maja 2017";"5";5,7
"401";"Ludzka stonoga";"24 maja 2017";"3";3,5
"402";"Twarda sztuka";"24 maja 2017";"6";6,6
"403";"Nie ma jak w piekle";"24 maja 2017";"5";5,2
"404";"Du¿e dzieci";"24 maja 2017";"8";6,8
"405";"Gothika";"24 maja 2017";"7";6,7
"406";"Kobieta-Kot";"24 maja 2017";"7";5,3
"407";"Wyznania zakupoholiczki";"23 maja 2017";"6";6
"408";"Zamiana";"23 maja 2017";"6";6,3
"409";"Masz wiadomoœæ";"18 maja 2017";"6";6,8
"410";"Randki w ciemno";"18 maja 2017";"6";6,4
"411";"Ca³e szczêœcie";"18 maja 2017";"6";6,4
"412";"Garbi - Super bryka";"18 maja 2017";"4";5,5
"413";"Zakrêcony pi¹tek";"18 maja 2017";"6";6,4
"414";"Jedziemy do babci";"18 maja 2017";"5";6,3
"415";"Czy to ty, czy to ja";"18 maja 2017";"6";6,3
"416";"Mary-Kate i Ashley: Wakacje w s³oñcu";"18 maja 2017";"4";6
"417";"Rzymskie wakacje";"18 maja 2017";"4";5,8
"418";"Mary-Kate i Ashley: Nowy Jork, nowa mi³oœæ";"18 maja 2017";"4";6,1
"419";"Mg³a";"18 maja 2017";"7";5,8
"420";"Camp Rock";"18 maja 2017";"5";5,5
"421";"Mg³a";"18 maja 2017";"7";5
"422";"Wyœcig szczurów";"18 maja 2017";"6";6,6
"423";"Œnie¿ne psy";"18 maja 2017";"7";6,4
"424";"nieletni / pe³noletni";"18 maja 2017";"8";6,1
"425";"Wiek Adaline";"18 maja 2017";"8";7,3
"426";"Terminal";"18 maja 2017";"7";7,4
"427";"Ojczym";"18 maja 2017";"7";6,2
"428";"Niepokój";"18 maja 2017";"8";7,1
"429";"40 dni i 40 nocy";"17 maja 2017";"6";6
"430";"Przebudzenie";"16 maja 2017";"8";7
"431";"Destrukcja";"14 maja 2017";"8";6,9
"432";"Dom snów";"14 maja 2017";"7";6,7
"433";"Zaplikowani";"14 maja 2017";"6";6
"434";"Nie-przyjaciele";"14 maja 2017";"6";5,6
"435";"The Duff [#ta brzydka i gruba]";"14 maja 2017";"9";6,3
"436";"Labirynt";"13 maja 2017";"9";7,9
"437";"Bez litoœci 2";"13 maja 2017";"6";6,2
"438";"Oko";"13 maja 2017";"6";6,2
"439";"Szko³a uwodzenia";"13 maja 2017";"6";6,7
"440";"Legalna blondynka 2";"13 maja 2017";"6";5,8
"441";"Legalna blondynka";"13 maja 2017";"6";6,1
"442";"Twój na zawsze";"13 maja 2017";"8";7,4
"443";"Most do Terabithii";"10 maja 2017";"6";7,3
"444";"Podró¿ na Tajemnicz¹ Wyspê";"10 maja 2017";"6";6,2
"445";"40 lat minê³o";"10 maja 2017";"7";5,8
"446";"Pierwszy raz";"10 maja 2017";"7";5,7
"447";"Ch³opaki do wziêcia";"10 maja 2017";"7";5,1
"448";"Ile wa¿y koñ trojañski?";"10 maja 2017";"5";6,2
"449";"Planeta Singli";"10 maja 2017";"7";7,1
"450";"Czekolada";"10 maja 2017";"7";7,5
"451";"Opowieœæ o dwóch siostrach";"10 maja 2017";"8";6,9
"452";"Faet";"10 maja 2017";"8";6,5
"453";"Pamiêtnik ksiê¿niczki 2: Królewskie zarêczyny";"10 maja 2017";"5";6,3
"454";"Pamiêtnik ksiê¿niczki";"10 maja 2017";"5";6,4
"455";"Ella zaklêta";"10 maja 2017";"5";6,2
"456";"Mi³oœæ i inne u¿ywki";"10 maja 2017";"8";6,8
"457";"Praktykant";"10 maja 2017";"7";7,2
"458";"Orzeszek";"10 maja 2017";"7";6,4
"459";"Siostry";"10 maja 2017";"7";5,8
"460";"Dziewczyny z dru¿yny 3";"10 maja 2017";"4";6,6
"461";"Kocham Ciê, Beth Cooper";"10 maja 2017";"6";5,7
"462";"Zebra z klas¹";"10 maja 2017";"6";6
"463";"Jak straciæ ch³opaka w 10 dni";"10 maja 2017";"8";6,8
"464";"Odrobina nieba";"10 maja 2017";"7";7
"465";"Œlubne wojny";"10 maja 2017";"8";6,3
"466";"Raj dla par";"10 maja 2017";"7";5,7
"467";"Sztuka zrywania";"10 maja 2017";"7";6,3
"468";"Szefowie wrogowie";"10 maja 2017";"7";6,5
"469";"Szefowie wrogowie 2";"10 maja 2017";"6";6,2
"470";"Dorwaæ by³¹";"10 maja 2017";"7";6,3
"471";"Brzydka prawda";"10 maja 2017";"7";6,9
"472";"Prawo zemsty";"10 maja 2017";"8";7,9
"473";"Sprawa siê ryp³a";"10 maja 2017";"7";7
"474";"Poszukiwany, poszukiwana";"10 maja 2017";"8";7,5
"475";"Nieuchwytny";"9 maja 2017";"7";6,7
"476";"Mistrz hipnozy";"8 maja 2017";"8";6,9
"477";"John Tucker musi odejœæ";"8 maja 2017";"6";6,4
"478";"Myœl jak facet";"8 maja 2017";"8";6,7
"479";"Kl¹twa Ju-on 2";"8 maja 2017";"7";6,7
"480";"Kl¹twa Ju-on";"8 maja 2017";"7";6,8
"481";"The Grudge - Kl¹twa";"8 maja 2017";"7";6,3
"482";"Grudge - Kl¹twa 2";"8 maja 2017";"7";5,9
"483";"Nieproszeni goœcie";"8 maja 2017";"8";6,9
"484";"Cube 2";"8 maja 2017";"6";5,9
"485";"Cube";"8 maja 2017";"7";7
"486";"In fondo al bosco";"8 maja 2017";"7";6,6
"487";"Tajemnice Manhattanu";"8 maja 2017";"7";6,1
"488";"Wiêzieñ labiryntu";"8 maja 2017";"8";7
"489";"Wiêzieñ labiryntu: Próby ognia";"8 maja 2017";"6";6,5
"490";"Dar";"8 maja 2017";"7";6,5
"491";"Mê¿czyzna idealny";"8 maja 2017";"7";6,6
"492";"Jak ukraœæ Ksiê¿yc";"8 maja 2017";"5";7,4
"493";"Minionki rozrabiaj¹";"8 maja 2017";"6";7,3
"494";"Tajmiaki";"7 maja 2017";"6";5,8
"495";"Przygody psa Balto";"7 maja 2017";"8";7,6
"496";"Randka z gwiazd¹";"7 maja 2017";"5";6,1
"497";"Bal maturalny";"7 maja 2017";"6";6
"498";"Split";"7 maja 2017";"8";7,3
"499";"Martyrs. Skazani na strach";"7 maja 2017";"8";6,3
"500";"Dzieñ œwira";"7 maja 2017";"7";7,8
"501";"Loft";"7 maja 2017";"8";6,5
"502";"Po³¹czenie";"7 maja 2017";"8";7,3
"503";"Aleksander - okropny, straszny, niezbyt dobry, bardzo z³y dzieñ";"7 maja 2017";"7";6,1
"504";"Gor¹ca laska";"7 maja 2017";"5";6,1
"505";"Króliczek";"7 maja 2017";"6";5,3
"506";"Ilu mia³aœ facetów?";"7 maja 2017";"7";6,3
"507";"Od sklepowej do królowej";"7 maja 2017";"5";6
"508";"High School Musical 3: Ostatnia klasa";"7 maja 2017";"5";5,3
"509";"High School Musical 2";"7 maja 2017";"6";5,2
"510";"Boska przygoda Sharpay";"7 maja 2017";"5";5,3
"511";"Straszny film 5";"7 maja 2017";"6";4,7
"512";"Straszny film 4";"7 maja 2017";"5";5,9
"513";"Straszny film 2";"7 maja 2017";"5";6,2
"514";"Straszny film";"7 maja 2017";"6";6,3
"515";"Notting Hill";"7 maja 2017";"5";7,1
"516";"Kadet Kelly";"7 maja 2017";"3";6,1
"517";"Szansa na sukces";"7 maja 2017";"5";6,7
"518";"Cinderella Story";"7 maja 2017";"5";6,5
"519";"Idealny facet";"7 maja 2017";"6";6,3
"520";"Piêkna i Teczka";"7 maja 2017";"6";5,7
"521";"Cztery wesela i pogrzeb";"7 maja 2017";"6";6,9
"522";"Dwa tygodnie na mi³oœæ";"7 maja 2017";"5";6,6
"523";"Uciekaj¹ca panna m³oda";"7 maja 2017";"6";6,3
"524";"Jedz, módl siê, kochaj";"7 maja 2017";"6";6,2
"525";"Dzieñ Matki";"7 maja 2017";"7";6,3
"526";"Akwamaryna";"7 maja 2017";"4";5,8
"527";"Hotel dla psów";"7 maja 2017";"7";6,4
"528";"Nowszy model";"7 maja 2017";"7";6,6
"529";"Gorzka siedemnastka";"7 maja 2017";"7";6,9
"530";"A w³aœnie, ¿e tak!";"6 maja 2017";"7";6,5
"531";"Zatañcz ze mn¹";"5 maja 2017";"6";6,3
"532";"Beethoven";"5 maja 2017";"8";6,2
"533";"Pachnid³o: Historia mordercy";"5 maja 2017";"8";7,4
"534";"Nigdy wiêcej";"5 maja 2017";"7";6,8
"535";"Powiedz tak";"5 maja 2017";"7";6,1
"536";"Plan B";"5 maja 2017";"7";6,3
"537";"Ch³opak z s¹siedztwa";"5 maja 2017";"8";5,5
"538";"Sposób na teœciow¹";"5 maja 2017";"7";6,6
"539";"Wredne dziewczyny 2";"5 maja 2017";"5";5,5
"540";"Cloverfield Lane 10";"5 maja 2017";"6";6,5
"541";"Lavender";"5 maja 2017";"7";5,5
"542";"Hush";"5 maja 2017";"6";6
"543";"Ups! Arka odp³ynê³a";"5 maja 2017";"5";5,9
"544";"Kobiety pragn¹ bardziej";"29 kwietnia 2017";"6";6,6
"545";"Wpadka";"29 kwietnia 2017";"6";6,1
"546";"Œmiertelna wyliczanka";"26 kwietnia 2017";"7";6,8
"547";"R.I.P.D. Agenci z zaœwiatów";"26 kwietnia 2017";"6";6
"548";"Jak to robi¹ single";"26 kwietnia 2017";"6";6,4
"549";"Zabójczy miesi¹c miodowy";"26 kwietnia 2017";"6";4,9
"550";"Pogrzebany";"25 kwietnia 2017";"7";6,6
"551";"Narzeczony mimo woli";"25 kwietnia 2017";"7";7,1
"552";"Zamiana cia³";"25 kwietnia 2017";"8";6,6
"553";"Amityville";"25 kwietnia 2017";"8";6,7
"554";"Zostañmy przyjació³mi";"25 kwietnia 2017";"8";6,3
"555";"Anio³ki Charliego";"25 kwietnia 2017";"6";5,7
"556";"Anio³ki Charliego: Zawrotna szybkoœæ";"25 kwietnia 2017";"6";5,5
"557";"Faceci w czerni";"25 kwietnia 2017";"6";7,1
"558";"Avengers";"25 kwietnia 2017";"7";7,5
"559";"Na psa urok";"25 kwietnia 2017";"5";5,7
"560";"Iron Man";"25 kwietnia 2017";"8";7,6
"561";"Mr. & Mrs. Smith";"25 kwietnia 2017";"7";6,7
"562";"Wspó³lokatorka";"25 kwietnia 2017";"8";5,9
"563";"Lokator";"25 kwietnia 2017";"8";6,3
"564";"Zbrukana";"25 kwietnia 2017";"7";6,2
"565";"Ciekawy przypadek Benjamina Buttona";"25 kwietnia 2017";"8";7,7
"566";"Noc oczyszczenia: Czas wyboru";"25 kwietnia 2017";"6";6
"567";"Shutter - Widmo";"25 kwietnia 2017";"8";7,1
"568";"Noc oczyszczenia";"25 kwietnia 2017";"8";5,8
"569";"Chloe";"25 kwietnia 2017";"7";6,4
"570";"Wszystko w porz¹dku";"25 kwietnia 2017";"8";6,6
"571";"Zostañ, jeœli kochasz";"25 kwietnia 2017";"6";7,1
"572";"Piorun";"25 kwietnia 2017";"7";6,7
"573";"Jak wytresowaæ smoka";"25 kwietnia 2017";"8";7,9
"574";"Stowarzyszenie Wêdruj¹cych D¿insów 2";"25 kwietnia 2017";"7";6,6
"575";"Stowarzyszenie Wêdruj¹cych D¿insów";"25 kwietnia 2017";"8";6,6
"576";"Nie oddychaj";"24 kwietnia 2017";"7";6,5
"577";"Tak to siê teraz robi";"24 kwietnia 2017";"7";6,4
"578";"Pasja";"24 kwietnia 2017";"8";7,4
"579";"Bracia";"24 kwietnia 2017";"8";7,5
"580";"Porwanie";"24 kwietnia 2017";"7";6,4
"581";"Fa³szywa dwunastka II";"24 kwietnia 2017";"7";6,8
"582";"Zmierzch";"24 kwietnia 2017";"6";5,6
"583";"Saga ""Zmierzch"": Przed œwitem. Czêœæ 2";"24 kwietnia 2017";"5";6
"584";"Saga ""Zmierzch"": Ksiê¿yc w nowiu";"24 kwietnia 2017";"5";5,5
"585";"Jeszcze wiêksze dzieci";"24 kwietnia 2017";"8";6,7
"586";"Fa³szywa dwunastka";"24 kwietnia 2017";"7";6,7
"587";"Nowo¿eñcy";"24 kwietnia 2017";"7";6,2
"588";"Zupe³nie jak mi³oœæ";"24 kwietnia 2017";"7";7
"589";"Amerykañskie ciacho";"24 kwietnia 2017";"7";5,6
"590";"Zombieland";"24 kwietnia 2017";"7";6,8
"591";"Duchy moich by³ych";"24 kwietnia 2017";"7";6,3
"592";"£atwa dziewczyna";"24 kwietnia 2017";"7";6,5
"593";"To tylko seks";"24 kwietnia 2017";"8";6,7
"594";"Regression";"24 kwietnia 2017";"8";6,3
"595";"Wszystko, co dobre";"24 kwietnia 2017";"8";6,6
"596";"Kocha, lubi, szanuje";"24 kwietnia 2017";"8";7,4
"597";"Avatar";"24 kwietnia 2017";"7";7,4
"598";"Jack i Jill";"23 kwietnia 2017";"7";5,2
"599";"50 pierwszych randek";"23 kwietnia 2017";"7";6,9
"600";"Klik: I robisz, co chcesz";"23 kwietnia 2017";"7";6,5
"601";"Ch³opiec w pasiastej pi¿amie";"23 kwietnia 2017";"9";8,1
"602";"Sk¹d wiesz?";"23 kwietnia 2017";"5";5,4
"603";"Trudne s³ówka";"23 kwietnia 2017";"8";6,7
"604";"Pañstwo m³odzi: Chuck i Larry";"23 kwietnia 2017";"8";6,6
"605";"Opowieœci na dobranoc";"23 kwietnia 2017";"8";6,7
"606";"¯ona na niby";"23 kwietnia 2017";"8";6,8
"607";"Czego pragnie dziewczyna";"23 kwietnia 2017";"6";6,2
"608";"Zanim zasnê";"23 kwietnia 2017";"7";6,7
"609";"Jak zostaæ królem";"23 kwietnia 2017";"8";7,8
"610";"To w³aœnie mi³oœæ";"23 kwietnia 2017";"7";7,6
"611";"Bridget Jones: W pogoni za rozumem";"23 kwietnia 2017";"7";6,8
"612";"Prosto w serce";"23 kwietnia 2017";"7";6,6
"613";"Siostry";"23 kwietnia 2017";"8";6,4
"614";"Holiday";"23 kwietnia 2017";"8";7,2
"615";"Z³a kobieta";"23 kwietnia 2017";"8";6
"616";"Inna kobieta";"23 kwietnia 2017";"8";6,6
"617";"Sekstaœma";"23 kwietnia 2017";"7";5,5
"618";"Mój ch³opak siê ¿eni";"23 kwietnia 2017";"7";6,5
"619";"Pi³a IV";"23 kwietnia 2017";"6";6
"620";"Pi³a II";"23 kwietnia 2017";"6";6,5
"621";"Pokojówka na Manhattanie";"23 kwietnia 2017";"7";5,9
"622";"Nie wierzcie bliŸniaczkom";"23 kwietnia 2017";"7";6,5
"623";"Wieczny student";"23 kwietnia 2017";"7";6,6
"624";"Wredne dziewczyny";"23 kwietnia 2017";"7";6,3
"625";"Pi³a III";"23 kwietnia 2017";"6";6,2
"626";"Piêædziesi¹t twarzy Greya";"23 kwietnia 2017";"5";4,5
"627";"Zakochana z³oœnica";"23 kwietnia 2017";"7";7,1
"628";"Hotel Transylwania";"23 kwietnia 2017";"7";7,2
"629";"Epoka lodowcowa 3: Era dinozaurów";"23 kwietnia 2017";"7";7
"630";"101 dalmatyñczyków";"23 kwietnia 2017";"8";6,4
"631";"Madagaskar 2";"23 kwietnia 2017";"7";7,1
"632";"Merida Waleczna";"23 kwietnia 2017";"7";7,1
"633";"Uniwersytet Potworny";"23 kwietnia 2017";"7";7,1
"634";"Gdzie jest Nemo?";"23 kwietnia 2017";"7";7,2
"635";"Epoka lodowcowa 4: Wêdrówka kontynentów";"23 kwietnia 2017";"7";6,9
"636";"Och, Karol 2";"23 kwietnia 2017";"6";4,9
"637";"Seks w wielkim mieœcie";"23 kwietnia 2017";"7";6,4
"638";"Diabe³ ubiera siê u Prady";"23 kwietnia 2017";"7";6,9
"639";"Kogel-mogel";"23 kwietnia 2017";"8";7,2
"640";"Bia³y Kie³";"23 kwietnia 2017";"7";7,3
"641";"Starsza pani musi znikn¹æ";"23 kwietnia 2017";"8";6,5
"642";"Oœwiadczyny po irlandzku";"23 kwietnia 2017";"6";6,7
"643";"Tylko Ciebie chcê";"23 kwietnia 2017";"7";7,3
"644";"Trzy metry nad niebem";"23 kwietnia 2017";"9";7,3
"645";"Po¿yczony narzeczony";"23 kwietnia 2017";"10";6,2
"646";"The Ring";"23 kwietnia 2017";"8";6,9
"647";"Zwierzêta nocy";"23 kwietnia 2017";"7";7,2
"648";"Pitbull. Nowe porz¹dki";"23 kwietnia 2017";"7";7,2
"649";"Mój brat niedŸwiedŸ";"23 kwietnia 2017";"8";7,4
"650";"Najd³u¿sza podró¿";"23 kwietnia 2017";"7";7,4
"651";"Dla ciebie wszystko";"23 kwietnia 2017";"8";7,3
"652";"Evan Wszechmog¹cy";"23 kwietnia 2017";"6";5,9
"653";"Ona to on";"23 kwietnia 2017";"7";6,5
"654";"Step Up 2";"23 kwietnia 2017";"7";6,8
"655";"Step Up - Taniec zmys³ów";"23 kwietnia 2017";"7";7
"656";"Wci¹¿ j¹ kocham";"23 kwietnia 2017";"9";7,3
"657";"I ¿e ciê nie opuszczê";"23 kwietnia 2017";"8";7,2
"658";"Magic Mike";"23 kwietnia 2017";"8";6
"659";"Don Jon";"23 kwietnia 2017";"7";5,9
"660";"Magic Mike XXL";"23 kwietnia 2017";"7";6,2
"661";"Titanic";"23 kwietnia 2017";"8";7,3
"662";"Czarodzieje z Waverly Place: Film";"23 kwietnia 2017";"7";6,1
"663";"Program ochrony Ksiê¿niczek";"23 kwietnia 2017";"7";5,9
"664";"Monte Carlo";"23 kwietnia 2017";"8";6,2
"665";"Kopciuszek: Roztañczona historia";"23 kwietnia 2017";"8";6,2
"666";"Igrzyska na kacu";"23 kwietnia 2017";"6";4
"667";"Mi³oœæ na zamówienie";"23 kwietnia 2017";"8";6,2
"668";"Kac Vegas";"23 kwietnia 2017";"8";7,3
"669";"Walentynki";"23 kwietnia 2017";"8";6,1
"670";"Kac Vegas w Bangkoku";"23 kwietnia 2017";"8";6,9
"671";"Miêdzy wierszami";"23 kwietnia 2017";"9";7,3
"672";"Ugotowany";"23 kwietnia 2017";"8";6,6
"673";"Poradnik pozytywnego myœlenia";"23 kwietnia 2017";"8";7,2
"674";"Igrzyska œmierci: W pierœcieniu ognia";"23 kwietnia 2017";"9";7,3
"675";"Igrzyska œmierci";"23 kwietnia 2017";"10";7,2
"676";"Igrzyska œmierci: Kosog³os. Czêœæ 1";"23 kwietnia 2017";"8";6,7
"677";"Igrzyska œmierci: Kosog³os. Czêœæ 2";"23 kwietnia 2017";"8";6,7
"678";"Hannah Montana. Film";"23 kwietnia 2017";"7";5,4
"679";"Tajna agentka";"23 kwietnia 2017";"7";6,1
"680";"LOL";"23 kwietnia 2017";"9";6,4
"681";"Ostatnia piosenka";"23 kwietnia 2017";"9";7,1
"682";"Snowden";"23 kwietnia 2017";"7";6,9
"683";"Blue Valentine";"23 kwietnia 2017";"8";7,3
"684";"Kevin sam w domu";"23 kwietnia 2017";"8";7,1
"685";"Borat: Podpatrzone w Ameryce, aby Kazachstan rós³ w si³ê, a ludzie ¿yli dostatniej";"23 kwietnia 2017";"7";6,3
"686";"Kevin sam w Nowym Jorku";"23 kwietnia 2017";"8";6,8
"687";"Listy do M.";"23 kwietnia 2017";"7";6,9
"688";"Na pewno, byæ mo¿e";"23 kwietnia 2017";"8";6,9
"689";"Charlie St. Cloud";"23 kwietnia 2017";"8";7
"690";"Sylwester w Nowym Jorku";"23 kwietnia 2017";"8";6,3
"691";"Ten niezrêczny moment";"23 kwietnia 2017";"7";6,3
"692";"We Are Your Friends";"23 kwietnia 2017";"8";6,3
"693";"S¹siedzi 2";"23 kwietnia 2017";"7";5,7
"694";"Randka na weselu";"23 kwietnia 2017";"8";6
"695";"High School Musical";"23 kwietnia 2017";"7";5,3
"696";"Szczêœciarz";"23 kwietnia 2017";"8";7,1
"697";"17 Again";"23 kwietnia 2017";"8";6,2
"698";"S¹siedzi";"23 kwietnia 2017";"8";6,1
"699";"Iluzja 2";"23 kwietnia 2017";"8";6,9
"700";"Sztuka dorastania";"23 kwietnia 2017";"8";6,7
"701";"Millerowie";"23 kwietnia 2017";"9";7,1
"702";"Nerve";"23 kwietnia 2017";"9";6,8
"703";"Bez smyczy";"23 kwietnia 2017";"7";6,1
"704";"By³ sobie pies";"23 kwietnia 2017";"10";7,8
"705";"Polowanie na druhny";"23 kwietnia 2017";"8";6,5
"706";"Sta¿yœci";"23 kwietnia 2017";"9";6,4
"707";"Ja, ty i on";"23 kwietnia 2017";"8";6,2
"708";"Marley i Ja";"23 kwietnia 2017";"10";7,2
"709";"22 Jump Street";"23 kwietnia 2017";"10";6,8
"710";"Charlie i fabryka czekolady";"23 kwietnia 2017";"6";7,1
"711";"Sekretne okno";"23 kwietnia 2017";"9";7,1
"712";"Turysta";"23 kwietnia 2017";"8";6,6
"713";"21 Jump Street";"23 kwietnia 2017";"10";7
"714";"Alicja po drugiej stronie lustra";"23 kwietnia 2017";"7";6,9
"715";"Alicja w Krainie Czarów";"23 kwietnia 2017";"8";7,1
"716";"Dick i Jane: Niez³y ubaw";"23 kwietnia 2017";"9";6,5
"717";"K³amca, k³amca";"23 kwietnia 2017";"9";6,8
"718";"Ja, Irena i Ja";"23 kwietnia 2017";"8";6,4
"719";"Jestem na tak";"23 kwietnia 2017";"8";7
"720";"Pan Popper i jego pingwiny";"23 kwietnia 2017";"7";6,3
"721";"G³upi i g³upszy bardziej";"23 kwietnia 2017";"8";5,6
"722";"G³upi i g³upszy";"23 kwietnia 2017";"8";6,1
"723";"Ace Ventura: Psi detektyw";"23 kwietnia 2017";"7";6,3
"724";"Bruce Wszechmog¹cy";"23 kwietnia 2017";"8";6,9
"725";"Piraci z Karaibów: Na nieznanych wodach";"23 kwietnia 2017";"8";7,4
"726";"Love, Rosie";"23 kwietnia 2017";"7";7,4
"727";"Iluzja";"23 kwietnia 2017";"9";7,4
"728";"Harry Potter i Zakon Feniksa";"23 kwietnia 2017";"10";7,5
"729";"Odlot";"23 kwietnia 2017";"7";7,5
"730";"Potwory i spó³ka";"23 kwietnia 2017";"7";7,5
"731";"Who Am I. Mo¿esz byæ kim chcesz";"23 kwietnia 2017";"9";7,7
"732";"Harry Potter i Ksi¹¿ê Pó³krwi";"23 kwietnia 2017";"10";7,5
"733";"Harry Potter i Kamieñ Filozoficzny";"23 kwietnia 2017";"10";7,5
"734";"Mustang z Dzikiej Doliny";"23 kwietnia 2017";"8";7,6
"735";"Szko³a uczuæ";"23 kwietnia 2017";"8";7,5
"736";"Zakochany kundel";"23 kwietnia 2017";"8";7,6
"737";"Jeden dzieñ";"23 kwietnia 2017";"8";7,5
"738";"Madagaskar";"23 kwietnia 2017";"8";7,5
"739";"Hooligans";"23 kwietnia 2017";"8";7,5
"740";"Harry Potter i Insygnia Œmierci: Czêœæ I";"23 kwietnia 2017";"10";7,5
"741";"Gnij¹ca panna m³oda";"23 kwietnia 2017";"7";7,5
"742";"Gwiazd naszych wina";"23 kwietnia 2017";"6";7,5
"743";"Hitch: Najlepszy doradca przeciêtnego faceta";"23 kwietnia 2017";"8";7
"744";"Jestem legend¹";"23 kwietnia 2017";"10";7,5
"745";"Charlie";"23 kwietnia 2017";"7";7,6
"746";"Matrix";"23 kwietnia 2017";"8";7,5
"747";"Harry Potter i Czara Ognia";"23 kwietnia 2017";"10";7,6
"748";"300";"23 kwietnia 2017";"8";7,5
"749";"Bez mojej zgody";"23 kwietnia 2017";"8";7,6
"750";"Kraina lodu";"23 kwietnia 2017";"7";7,6
"751";"Epoka lodowcowa";"23 kwietnia 2017";"8";7,6
"752";"Zapl¹tani";"23 kwietnia 2017";"7";7,6
"753";"Harry Potter i wiêzieñ Azkabanu";"23 kwietnia 2017";"10";7,7
"754";"Hobbit: Pustkowie Smauga";"23 kwietnia 2017";"7";7,6
"755";"Czarny ³abêdŸ";"23 kwietnia 2017";"7";7,7
"756";"Rzeka tajemnic";"23 kwietnia 2017";"9";7,7
"757";"Hobbit: Niezwyk³a podró¿";"23 kwietnia 2017";"8";7,6
"758";"Wilk z Wall Street";"23 kwietnia 2017";"8";7,7
"759";"Donnie Darko";"23 kwietnia 2017";"8";7,7
"760";"Dziewczyna z tatua¿em";"23 kwietnia 2017";"7";7,7
"761";"Jak wytresowaæ smoka 2";"23 kwietnia 2017";"7";7,7
"762";"Oszukana";"23 kwietnia 2017";"9";7,8
"763";"Piraci z Karaibów: Na krañcu œwiata";"23 kwietnia 2017";"8";7,7
"764";"Harry Potter i Insygnia Œmierci: Czêœæ II";"23 kwietnia 2017";"10";7,7
"765";"Piraci z Karaibów: Kl¹twa Czarnej Per³y";"23 kwietnia 2017";"8";7,7
"766";"Piraci z Karaibów: Skrzynia umarlaka";"23 kwietnia 2017";"8";7,8
"767";"Shrek";"23 kwietnia 2017";"8";7,8
"768";"Zaginiona dziewczyna";"23 kwietnia 2017";"9";7,8
"769";"Szósty zmys³";"23 kwietnia 2017";"8";7,8
"770";"Pokój";"23 kwietnia 2017";"8";7,9
"771";"Requiem dla snu";"23 kwietnia 2017";"8";7,8
"772";"Mój przyjaciel Hachiko";"23 kwietnia 2017";"10";8
"773";"Siedem dusz";"23 kwietnia 2017";"10";8
"774";"Infiltracja";"23 kwietnia 2017";"9";8
"775";"W³adca Pierœcieni: Dru¿yna Pierœcienia";"23 kwietnia 2017";"10";8
"776";"Bogowie";"23 kwietnia 2017";"9";8
"777";"Pamiêtnik";"23 kwietnia 2017";"9";8,1
"778";"Presti¿";"23 kwietnia 2017";"8";8,1
"779";"Wyspa tajemnic";"23 kwietnia 2017";"9";8,2
"780";"Król Lew";"23 kwietnia 2017";"9";8,2
"781";"Pianista";"23 kwietnia 2017";"9";8,3
"782";"Incepcja";"23 kwietnia 2017";"10";8,3
"783";"Piêkny umys³";"23 kwietnia 2017";"10";8,3
"784";"W³adca Pierœcieni: Dwie wie¿e";"23 kwietnia 2017";"10";8,3
"785";"W³adca Pierœcieni: Powrót króla";"23 kwietnia 2017";"10";8,4
"786";"Forrest Gump";"23 kwietnia 2017";"9";8,5
"787";"Niezgodna";"23 kwietnia 2017";"6";7,1
"788";"Dziewczyna z poci¹gu";"23 kwietnia 2017";"6";6,3
"789";"Ciemniejsza strona Greya";"23 kwietnia 2017";"7";5,1
"790";"Zwierzogród";"23 kwietnia 2017";"7";7,9
"791";"Fantastyczne zwierzêta i jak je znaleŸæ";"23 kwietnia 2017";"8";7,1
"792";"Pasa¿erowie";"23 kwietnia 2017";"7";6,7
"793";"Ukryte piêkno";"23 kwietnia 2017";"9";7,3
"794";"Dobrze siê k³amie w mi³ym towarzystwie";"23 kwietnia 2017";"8";7,7
"795";"Pitbull. Niebezpieczne kobiety";"23 kwietnia 2017";"6";6,5
"796";"Gdzie jest Dory";"23 kwietnia 2017";"5";7,1
"797";"Sekretne ¿ycie zwierzaków domowych";"23 kwietnia 2017";"7";6,5
"798";"Bridget Jones 3";"23 kwietnia 2017";"7";7,2
"799";"Czarnobyl. Reaktor strachu";"22 kwietnia 2017";"5";4,7
"800";"Kiedy gasn¹ œwiat³a";"22 kwietnia 2017";"7";6,2
"801";"Autopsja Jane Doe";"22 kwietnia 2017";"6";6,4
"802";"Annabelle";"22 kwietnia 2017";"6";5,7
"803";"Mama";"22 kwietnia 2017";"6";5,9
"804";"Naznaczony";"22 kwietnia 2017";"6";6,7
"805";"Obecnoœæ 2";"22 kwietnia 2017";"6";7,1
"806";"Obecnoœæ";"22 kwietnia 2017";"8";7,4
"807";"Ludzka stonoga 2";"22 kwietnia 2017";"4";3,6
"808";"Coœ za mn¹ chodzi";"22 kwietnia 2017";"4";5,6
"809";"Ani drgnij";"22 kwietnia 2017";"4";4,2
"810";"Babadook";"22 kwietnia 2017";"6";6
"811";"Koszmar z ulicy Wi¹zów";"22 kwietnia 2017";"7";6
"812";"Noc oczyszczenia: Anarchia";"22 kwietnia 2017";"7";6,3
"813";"Sinister 2";"22 kwietnia 2017";"6";5,8
"814";"Carrie";"22 kwietnia 2017";"5";5,5
"815";"Saga ""Zmierzch"": Przed œwitem. Czêœæ 1";"22 kwietnia 2017";"6";5,7
"816";"Pozwól mi wejœæ";"22 kwietnia 2017";"";6,2
"817";"Zbaw mnie ode z³ego";"22 kwietnia 2017";"";5
"818";"Nie bój siê ciemnoœci";"22 kwietnia 2017";"";5,2
"819";"Paranormal Activity 2";"22 kwietnia 2017";"";5,7
"820";"Krzyk 4";"22 kwietnia 2017";"";5,5
"821";"Oszukaæ przeznaczenie 5";"22 kwietnia 2017";"";5,7
"822";"Paranormal Activity 3";"22 kwietnia 2017";"";5,8
"823";"Zjawy";"22 kwietnia 2017";"";4,7
"824";"Silent Hill: Apokalipsa";"22 kwietnia 2017";"";5,1
"825";"Paranormal Activity 4";"22 kwietnia 2017";"";5,1
"826";"Raz dwa trzy umierasz ty";"22 kwietnia 2017";"";5,4
"827";"Dom w g³êbi lasu";"22 kwietnia 2017";"";5,5
"828";"Sinister";"22 kwietnia 2017";"8";6,8
"829";"Paranormal Activity: Naznaczeni";"22 kwietnia 2017";"";5
"830";"Martwe z³o";"22 kwietnia 2017";"";5,6
"831";"The Den";"22 kwietnia 2017";"";6,1
"832";"Oculus";"22 kwietnia 2017";"8";6,3
"833";"Kl¹twa Jessabelle";"22 kwietnia 2017";"";5,5
"834";"Poltergeist";"22 kwietnia 2017";"";4,5
"835";"Taœmy Watykanu";"22 kwietnia 2017";"";4,6
"836";"Paranormal Activity: Inny wymiar";"22 kwietnia 2017";"";5
"837";"Wizyta";"22 kwietnia 2017";"8";6,1
"838";"Las samobójców";"22 kwietnia 2017";"";5,1
"839";"Po tamtej stronie drzwi";"22 kwietnia 2017";"";5,4
"840";"The Boy";"22 kwietnia 2017";"";5,8
"841";"Friend Request";"22 kwietnia 2017";"";5,8
